task,year,venue,method,title,paper_url,code_url,project_url,tags,note
VSS,2016,ECCV,Clockwork,Clockwork ConvNets for Video Semantic Segmentation,https://scholar.google.com/scholar?q=Clockwork+ConvNets+for+Video+Semantic+Segmentation,NA,NA,Real-time;Feature reuse,Stage-wise clocks and cached features for efficient video semantic segmentation.
VSS,2017,ICCV,NetWarp,Semantic Video CNNs Through Representation Warping,https://scholar.google.com/scholar?q=Semantic+Video+CNNs+Through+Representation+Warping,NA,NA,Flow;Feature propagation,Warps CNN representations across frames using optical flow.
VSS,2017,ICCV,PEARL,Video Scene Parsing with Predictive Feature Learning,https://scholar.google.com/scholar?q=Video+Scene+Parsing+with+Predictive+Feature+Learning,NA,NA,Flow;Prediction,Predictive feature learning for temporally coherent video scene parsing.
VSS,2018,CVPR,GCRF,Deep Spatio-Temporal Random Fields for Efficient Video Segmentation,https://scholar.google.com/scholar?q=Deep+Spatio-Temporal+Random+Fields+for+Efficient+Video+Segmentation,NA,NA,Flow;CRF,Spatio-temporal CRF modeling for efficient video segmentation.
VSS,2018,CVPR,Accel,Accel: A Corrective Fusion Network for Efficient Semantic Segmentation on Video,https://scholar.google.com/scholar?q=Accel+A+Corrective+Fusion+Network+for+Efficient+Semantic+Segmentation+on+Video,NA,NA,Flow;Efficiency,Low-resolution motion prediction with high-resolution refinement.
VSS,2020,CVPR,TDNet,Temporally Distributed Networks for Fast Video Semantic Segmentation,https://scholar.google.com/scholar?q=Temporally+Distributed+Networks+for+Fast+Video+Semantic+Segmentation,NA,NA,Attention;Real-time,Feature distillation and multi-scale temporal aggregation.
VSS,2020,CVPR,Naive-Student,Naive-Student: Leveraging Semi-Supervised Learning in Video Sequences for Urban Scene Segmentation,https://scholar.google.com/scholar?q=Naive-Student+Leveraging+Semi-Supervised+Learning+in+Video+Sequences+for+Urban+Scene+Segmentation,NA,NA,Semi-supervised;Pseudo labels,Iterative self-training for video semantic segmentation.
VSS,2022,CVPR,CFFM,Coarse-to-Fine Feature Mining for Video Semantic Segmentation,https://openaccess.thecvf.com/content/CVPR2022/html/Sun_Coarse-To-Fine_Feature_Mining_for_Video_Semantic_Segmentation_CVPR_2022_paper.html,https://github.com/GuoleiSun/VSS-CFFM,NA,Attention;Temporal context,Adaptive multi-scale feature mining for VSS.
VSS,2022,ECCV,MRCFA,Mining Relations Among Cross-Frame Affinities for Video Semantic Segmentation,https://scholar.google.com/scholar?q=Mining+Relations+Among+Cross-Frame+Affinities+for+Video+Semantic+Segmentation,NA,NA,Attention;Affinity,Models complex motion through cross-frame affinity mining.
VSS,2023,CVPR,SSLTM,Simultaneously Short- and Long-Term Temporal Modeling for Semi-Supervised Video Semantic Segmentation,https://openaccess.thecvf.com/content/CVPR2023/html/Lao_Simultaneously_Short-_and_Long-Term_Temporal_Modeling_for_Semi-Supervised_Video_Semantic_Segmentation_CVPR_2023_paper.html,NA,NA,Semi-supervised;Long-term,Short- and long-term temporal modeling for label-efficient VSS.
VSS,2023,NeurIPS,MPVSS,Mask Propagation for Efficient Video Semantic Segmentation,https://scholar.google.com/scholar?q=Mask+Propagation+for+Efficient+Video+Semantic+Segmentation,NA,NA,Mask propagation;Efficiency,Keyframe-guided mask propagation for efficient VSS.
VSS,2024,CVPR,VPSeg,Vanishing-Point-Guided Video Semantic Segmentation of Driving Scenes,https://openaccess.thecvf.com/content/CVPR2024/html/Guo_Vanishing-Point-Guided_Video_Semantic_Segmentation_of_Driving_Scenes_CVPR_2024_paper.html,https://github.com/Daniel-Guo/VPSeg,NA,Transformer;Geometry,Injects vanishing-point priors for driving-scene VSS.
VSS,2024,TPAMI,CFFM++,Learning Local and Global Temporal Contexts for Video Semantic Segmentation,https://scholar.google.com/scholar?q=Learning+Local+and+Global+Temporal+Contexts+for+Video+Semantic+Segmentation,https://github.com/GuoleiSun/VSS-CFFM,NA,Attention;Temporal context,Extends CFFM with local and global temporal context modeling.
VSS,2025,CVPR,TV3S,Exploiting Temporal State Space Sharing for Video Semantic Segmentation,https://openaccess.thecvf.com/content/CVPR2025/html/Hesham_Exploiting_Temporal_State_Space_Sharing_for_Video_Semantic_Segmentation_CVPR_2025_paper.html,NA,NA,Mamba;State space,State-space temporal sharing for efficient long-range VSS.
VIS,2019,ICCV,MaskTrack R-CNN,Video Instance Segmentation,https://openaccess.thecvf.com/content_ICCV_2019/html/Yang_Video_Instance_Segmentation_ICCV_2019_paper.html,NA,NA,Tracking-by-detection;Baseline,Introduces the YouTube-VIS task and MaskTrack R-CNN baseline.
VIS,2020,ECCV,STEm-Seg,STEm-Seg: Spatio-temporal Embeddings for Instance Segmentation in Videos,https://scholar.google.com/scholar?q=STEm-Seg+Spatio-temporal+Embeddings+for+Instance+Segmentation+in+Videos,NA,NA,Embedding;Clip-level,Spatio-temporal embeddings over video clips.
VIS,2020,CVPR,MaskProp,Classifying Segmenting and Tracking Object Instances in Video with Mask Propagation,https://openaccess.thecvf.com/content_CVPR_2020/html/Bertasius_Classifying_Segmenting_and_Tracking_Object_Instances_in_Video_With_Mask_Propagation_CVPR_2020_paper.html,NA,NA,Mask propagation;Tracking,Instance feature propagation across frames.
VIS,2021,CVPR,VisTR,End-to-End Video Instance Segmentation with Transformers,https://openaccess.thecvf.com/content/CVPR2021/html/Wang_End-to-End_Video_Instance_Segmentation_With_Transformers_CVPR_2021_paper.html,https://github.com/Epiphqny/VisTR,NA,Transformer;Set prediction,End-to-end clip-level VIS with Transformer queries.
VIS,2021,NeurIPS,IFC,Video Instance Segmentation Using Inter-Frame Communication Transformers,https://scholar.google.com/scholar?q=Video+Instance+Segmentation+Using+Inter-Frame+Communication+Transformers,NA,NA,Transformer;Inter-frame communication,Two-stage inter-frame communication for VIS.
VIS,2021,ICCV,CrossVIS,Crossover Learning for Fast Online Video Instance Segmentation,https://openaccess.thecvf.com/content/ICCV2021/html/Yang_Crossover_Learning_for_Fast_Online_Video_Instance_Segmentation_ICCV_2021_paper.html,https://github.com/hustvl/CrossVIS,NA,Online;Dynamic convolution,Fast online VIS with crossover learning.
VIS,2022,ECCV,SeqFormer,SeqFormer: Sequential Transformer for Video Instance Segmentation,https://www.ecva.net/papers/eccv_2022/papers_ECCV/html/4669_ECCV_2022_paper.php,https://github.com/wjf5203/SeqFormer,NA,Transformer;Query,Sequential Transformer with query-based temporal modeling.
VIS,2022,NeurIPS,MinVIS,MinVIS: A Minimal Video Instance Segmentation Framework without Video-Based Training,https://proceedings.neurips.cc/paper_files/paper/2022/hash/5946db33de276c90b3438224d2aaa2aa-Abstract-Conference.html,https://github.com/NVlabs/MinVIS,NA,Transformer;Minimal training,Image-level training plus inference-time query association.
VIS,2022,ECCV,IDOL,In Defense of Online Models for Video Instance Segmentation,https://www.ecva.net/papers/eccv_2022/papers_ECCV/html/6895_ECCV_2022_paper.php,NA,NA,Online;Contrastive learning,Online query-based VIS with strong temporal association.
VIS,2022,CVPR,TeViT,Temporally Efficient Vision Transformer for Video Instance Segmentation,https://openaccess.thecvf.com/content/CVPR2022/html/Yang_Temporally_Efficient_Vision_Transformer_for_Video_Instance_Segmentation_CVPR_2022_paper.html,NA,NA,Transformer;Efficiency,Temporally efficient multi-scale Transformer for VIS.
VIS,2023,CVPR,GenVIS,A Generalized Framework for Video Instance Segmentation,https://openaccess.thecvf.com/content/CVPR2023/html/Heo_A_Generalized_Framework_for_Video_Instance_Segmentation_CVPR_2023_paper.html,https://github.com/haochenheheda/GenVIS,NA,Transformer;Generalized training,Multi-clip training pipeline for generalized VIS.
VIS,2023,ICCV,DVIS,Decoupled Video Instance Segmentation Framework,https://openaccess.thecvf.com/content/ICCV2023/html/Zhang_DVIS_Decoupled_Video_Instance_Segmentation_Framework_ICCV_2023_paper.html,https://github.com/zhang-tao-whu/DVIS,NA,Decoupled;Transformer,Separates detection segmentation and association for VIS.
VIS,2023,ICCV,CTVIS,CTVIS: Consistent Training for Online Video Instance Segmentation,https://openaccess.thecvf.com/content/ICCV2023/html/Ying_CTVIS_Consistent_Training_for_Online_Video_Instance_Segmentation_ICCV_2023_paper.html,https://github.com/KainingYing/CTVIS,NA,Contrastive memory;Online,Contrastive query memory for temporal consistency.
VIS,2023,CVPR,VideoCutLER,VideoCutLER: Surprisingly Simple Unsupervised Video Instance Segmentation,https://openaccess.thecvf.com/content/CVPR2023/html/Wang_VideoCutLER_Surprisingly_Simple_Unsupervised_Video_Instance_Segmentation_CVPR_2023_paper.html,NA,NA,Unsupervised;DINO,Unsupervised segmentation-to-video synthesis pipeline.
VIS,2024,ECCV,OVFormer,Unified Embedding Alignment for Open-Vocabulary Video Instance Segmentation,https://scholar.google.com/scholar?q=Unified+Embedding+Alignment+for+Open-Vocabulary+Video+Instance+Segmentation,NA,NA,Open vocabulary;Alignment,Vision-language embedding alignment for OV-VIS.
VIS,2024,IJCV,OV2Seg+,OV-VIS: Open-Vocabulary Video Instance Segmentation,https://scholar.google.com/scholar?q=OV-VIS+Open-Vocabulary+Video+Instance+Segmentation,NA,NA,Open vocabulary;VLM,Universal proposal generation and VLM-driven classification.
VPS,2020,CVPR,VPSNet,Video Panoptic Segmentation,https://openaccess.thecvf.com/content_CVPR_2020/html/Kim_Video_Panoptic_Segmentation_CVPR_2020_paper.html,NA,NA,Dual branch;VPS,Early dual-branch baseline for video panoptic segmentation.
VPS,2020,CVPR,ViP-DeepLab,ViP-DeepLab: Learning Visual Perception with Depth-aware Video Panoptic Segmentation,https://openaccess.thecvf.com/content_CVPR_2020/html/Qiao_ViP-DeepLab_Learning_Visual_Perception_With_Depth-Aware_Video_Panoptic_Segmentation_CVPR_2020_paper.html,NA,NA,Depth-aware;3D,Depth-aware extension of VPS with monocular depth.
VPS,2020,CVPR,Panoptic-DeepLab,Panoptic-DeepLab: A Simple Strong and Fast Baseline for Bottom-Up Panoptic Segmentation,https://openaccess.thecvf.com/content_CVPR_2020/html/Cheng_Panoptic-DeepLab_A_Simple_Strong_and_Fast_Baseline_for_Bottom-Up_Panoptic_Segmentation_CVPR_2020_paper.html,https://github.com/bowenc0221/panoptic-deeplab,NA,Dual branch;Bottom-up,Bottom-up panoptic segmentation backbone extended in VPS discussions.
VPS,2022,CVPR,Video K-Net,Video K-Net: A Simple Strong and Unified Baseline for Video Segmentation,https://openaccess.thecvf.com/content/CVPR2022/html/Li_Video_K-Net_A_Simple_Strong_and_Unified_Baseline_for_Video_Segmentation_CVPR_2022_paper.html,https://github.com/lxtGH/Video-K-Net,NA,Query;Unified,Learnable kernels jointly encode semantic categories and instance identities.
VPS,2022,CVPR,Slot-VPS,Slot-VPS: Object-Centric Representation Learning for Video Panoptic Segmentation,https://openaccess.thecvf.com/content/CVPR2022/html/Zhou_Slot-VPS_Object-Centric_Representation_Learning_for_Video_Panoptic_Segmentation_CVPR_2022_paper.html,NA,NA,Object-centric;Slots,Object-centric slot representation for VPS.
VPS,2022,ECCV,PolyphonicFormer,PolyphonicFormer: Unified Query Learning for Depth-aware Video Panoptic Segmentation,https://www.ecva.net/papers/eccv_2022/papers_ECCV/html/641_ECCV_2022_paper.php,https://github.com/HarborYuan/PolyphonicFormer,NA,Query;Depth-aware,Unified query learning with depth-aware VPS.
VPS,2023,ICCV,Tube-Link,Tube-Link: A Flexible Cross Tube Framework for Universal Video Segmentation,https://openaccess.thecvf.com/content/ICCV2023/html/Li_Tube-Link_A_Flexible_Cross_Tube_Framework_for_Universal_Video_Segmentation_ICCV_2023_paper.html,https://github.com/lxtGH/Tube-Link,NA,Tube;Universal segmentation,Generates and links spatio-temporal tube masks.
VPS,2025,ICCV,CAVIS,CAVIS: Context-Aware Video Instance Segmentation,https://scholar.google.com/scholar?q=CAVIS+Context-Aware+Video+Instance+Segmentation,NA,NA,Context;Association,Context-aware association discussed as part of query-memory progression.
VTS,2019,CVPR,Track R-CNN,MOTS: Multi-Object Tracking and Segmentation,https://openaccess.thecvf.com/content_CVPR_2019/html/Voigtlaender_MOTS_Multi-Object_Tracking_and_Segmentation_CVPR_2019_paper.html,NA,NA,Tracking-by-detection;MOTS,Track R-CNN baseline for MOTS.
VTS,2020,ECCV,PointTrack,Segment as Points for Efficient Online Multi-Object Tracking and Segmentation,https://www.ecva.net/papers/eccv_2020/papers_ECCV/html/309_ECCV_2020_paper.php,https://github.com/detectRecog/PointTrack,NA,Point-based;Online,Sparse point representation for robust tracking and segmentation.
VTS,2021,ICCV,ASB,Assignment-Space-Based Multi-Object Tracking and Segmentation,https://openaccess.thecvf.com/content/ICCV2021/html/Choudhuri_Assignment-Space-Based_Multi-Object_Tracking_and_Segmentation_ICCV_2021_paper.html,NA,NA,Assignment;Optimization,Frame-to-frame assignment with global dynamic programming.
VTS,2022,IJCV,MPNTrackSeg,Multi-Object Tracking and Segmentation via Neural Message Passing,https://scholar.google.com/scholar?q=Multi-Object+Tracking+and+Segmentation+via+Neural+Message+Passing,NA,NA,Graph;Message passing,Graph message passing for association and mask prediction.
VTS,2023,ICCV,MITS,Integrating Boxes and Masks: A Multi-Object Framework for Unified Visual Tracking and Segmentation,https://openaccess.thecvf.com/content/ICCV2023/html/Xu_Integrating_Boxes_and_Masks_A_Multi-Object_Framework_for_Unified_Visual_Tracking_ICCV_2023_paper.html,https://github.com/yoxu515/MITS,NA,Transformer;Boxes and masks,Unifies boxes and masks for visual tracking and segmentation.
VTS,2023,arXiv,SAM-PT,Segment Anything Meets Point Tracking,https://arxiv.org/abs/2307.01197,https://github.com/SysCV/sam-pt,NA,SAM;Point tracking,Combines SAM with point tracking for video object segmentation.
VTS,2023,arXiv,SAM-Track,Segment and Track Anything,https://arxiv.org/abs/2305.06558,https://github.com/z-x-yang/Segment-and-Track-Anything,NA,SAM;Interactive tracking,SAM-based segment-and-track framework.
VTS,2023,ICCV,DEVA,Tracking Anything with Decoupled Video Segmentation,https://openaccess.thecvf.com/content/ICCV2023/html/Cheng_Tracking_Anything_With_Decoupled_Video_Segmentation_ICCV_2023_paper.html,https://github.com/hkchengrex/Tracking-Anything-with-DEVA,NA,Decoupled;Foundation model,Decouples per-frame segmentation from temporal propagation.
VTS,2024,arXiv,SAM 2,SAM 2: Segment Anything in Images and Videos,https://arxiv.org/abs/2408.00714,https://github.com/facebookresearch/segment-anything-2,https://sam2.metademolab.com/,Foundation model;Promptable segmentation,Promptable image and video segmentation foundation model.
OVVS,2023,CVPR,ODISE,Open-Vocabulary Panoptic Segmentation with Text-to-Image Diffusion Models,https://openaccess.thecvf.com/content/CVPR2023/html/Xu_Open-Vocabulary_Panoptic_Segmentation_With_Text-to-Image_Diffusion_Models_CVPR_2023_paper.html,https://github.com/NVlabs/ODISE,NA,Open vocabulary;Diffusion,Diffusion features for open-vocabulary panoptic segmentation.
OVVS,2024,ECCV,OVFormer,Unified Embedding Alignment for Open-Vocabulary Video Instance Segmentation,https://scholar.google.com/scholar?q=Unified+Embedding+Alignment+for+Open-Vocabulary+Video+Instance+Segmentation,NA,NA,Open vocabulary;VIS,Open-vocabulary video instance segmentation via embedding alignment.
OVVS,2024,IJCV,OV2Seg+,OV-VIS: Open-Vocabulary Video Instance Segmentation,https://scholar.google.com/scholar?q=OV-VIS+Open-Vocabulary+Video+Instance+Segmentation,NA,NA,Open vocabulary;VIS,Universal proposal generator and VLM-driven classifier.
OVVS,2025,TMM,OV2VSS,Towards Open-Vocabulary Video Semantic Segmentation,https://scholar.google.com/scholar?q=Towards+Open-Vocabulary+Video+Semantic+Segmentation,NA,NA,Open vocabulary;VSS,Spatio-temporal fusion and video-text encoding for OV-VSS.
OVVS,2025,TCSVT,CLIP-VIS,CLIP-VIS: Adapting CLIP for Open-Vocabulary Video Instance Segmentation,https://scholar.google.com/scholar?q=CLIP-VIS+Adapting+CLIP+for+Open-Vocabulary+Video+Instance+Segmentation,NA,NA,Open vocabulary;CLIP,Adapts frozen CLIP for class-agnostic mask generation and OV classification.
Unified,2023,CVPR,BURST,A Unified Benchmark for Multi-Object Tracking and Segmentation,https://scholar.google.com/scholar?q=BURST+A+Unified+Benchmark+for+Multi-Object+Tracking+and+Segmentation,NA,NA,Unified benchmark;Tracking,Unified benchmark connecting tracking and segmentation tasks.
Unified,2024,arXiv,OMG-Seg,OMG-Seg: Is One Model Good Enough for All Segmentation?,https://scholar.google.com/scholar?q=OMG-Seg+Is+One+Model+Good+Enough+for+All+Segmentation,NA,NA,Unified model;Segmentation,One-model direction for unified segmentation.
Unified,2025,arXiv,DVIS++,DVIS++: Improved Decoupled Framework for Universal Video Segmentation,https://scholar.google.com/scholar?q=DVIS%2B%2B+Improved+Decoupled+Framework+for+Universal+Video+Segmentation,NA,NA,Universal video segmentation;Decoupled,Improved decoupled framework for universal video segmentation.
Future,2024,arXiv,VideoSAM,VideoSAM: Open-World Video Segmentation,https://scholar.google.com/scholar?q=VideoSAM+Open-World+Video+Segmentation,NA,NA,Open-world;Foundation model,Representative future-direction entry for open-world VSP.
